country,year,PIB,population,IDH,unemployment,gdp_pc,log_gdp_pc,gdp_growth,unemployment.1,poverty
Argentina,2001,268696750000.0,37624762.0,0.7945,17.32,7141.487034522637,8.873676301789256,-5.456296758927359,,
Argentina,2002,97724004251.8602,38029300.0,0.8,19.59,2569.702946198331,7.851545586071952,-63.630373552393095,,
Argentina,2003,127586973492.177,38424224.0,0.8055,15.36,3320.4827634821463,8.107865462026819,30.55847892126089,,
Argentina,2004,164657930452.787,38815865.0,0.811,13.522,4242.02656446757,8.352796397355744,29.055440336848328,,
Argentina,2005,198737095012.282,39216734.0,0.8165,11.506,5067.660530126808,8.530634556191808,20.696946977155584,,
Argentina,2006,232557260817.308,39622060.0,0.822,10.078,5869.388437080455,8.677505722910823,17.017540586942715,,
Argentina,2007,287530508430.568,40016709.0,0.8275,8.47,7185.261247509584,8.879787157978706,23.63858579175724,,
Argentina,2008,361558037110.419,40424101.0,0.833,7.837,8944.120664808823,9.098751686449765,25.74597356082893,,
Argentina,2009,332976484577.619,40854783.0,0.8385,8.645,8150.244845936864,9.005803248229885,-7.905107783310383,,
Argentina,2010,423627422092.49,41288642.0,0.844,7.714,10260.14423270424,9.236022176394396,27.22442626237158,,
Argentina,2011,530158122010.442,41730610.0,0.847,7.18,12704.29840374828,9.44969567217109,25.147262514722968,,
Argentina,2012,545982375701.128,42161676.0,0.85,7.217,12949.731308146478,9.468830318506756,2.9848177428043465,,
Argentina,2013,552025140252.246,42582408.0,0.853,7.1,12963.69008188184,9.469907657919054,1.1067691596011953,,
Argentina,2014,526319673731.638,43024021.0,0.856,7.268,12233.158628563286,9.411905464228704,-4.656575334388203,,
Argentina,2015,594749285413.212,43476961.0,0.859,7.579,13679.642544777038,9.523664061067391,13.0015302670341,,
Argentina,2016,557532320662.955,43900264.0,0.8573999999999999,8.085,12699.976489046969,9.449355421188825,-6.257588813141657,,
Argentina,2017,643628393281.364,44288844.0,0.8558,8.347,14532.51733735394,9.584143992580398,15.442346466305889,,
Argentina,2018,524819892360.176,44654822.0,0.8542,9.22,11752.815683828636,9.371848123531253,-18.459176469123,,
Argentina,2019,447754683615.225,44973412.0,0.8526,9.843,9955.98651966244,9.205929309495248,-14.684124947775867,,
Argentina,2020,385740508436.965,45191917.0,0.851,11.461,8535.608446018456,9.05200192103193,-13.850033834945076,,
Argentina,2021,486564085480.036,45312226.0,0.847,8.736,10738.030956149363,9.281547013838235,26.13766893490441,,
Argentina,2022,632790070063.124,45407866.0,0.858,6.805,13935.692773210792,9.54220865329896,30.052769809104163,,
Argentina,2023,646075277525.125,45538356.0,0.865,6.139,14187.496745054324,9.560116344800248,2.099465224015873,,
Canadá,2001,738981792355.372,31213533.0,0.8964,7.219,23675.044806859,10.07217681063365,-0.777635647611119,,
Canadá,2002,760649334098.005,31535531.0,0.8988,7.665,24120.39087269547,10.09081285604545,2.9320805961364327,,
Canadá,2003,895540646634.787,31836434.0,0.9012,7.574,28129.42701543731,10.244571532113182,17.733705465835857,,
Canadá,2004,1026690238278.25,32132620.0,0.9036,7.185,31951.650325378072,10.371979111848155,14.644739145709318,,
Canadá,2005,1173108598778.68,32440126.0,0.906,6.758,36162.27010889785,10.495771592095789,14.261201192092,,
Canadá,2006,1319264809590.97,32759122.0,0.9084,6.484,40271.67790366818,10.603403719321363,12.458881553204272,,
Canadá,2007,1468820407783.26,33092121.0,0.9108,6.156,44385.80433642377,10.700674975145674,11.336283444008387,,
Canadá,2008,1552989690721.65,33449040.0,0.9132,6.284,46428.52801520313,10.74566937719896,5.730399883633019,,
Canadá,2009,1374625142157.29,33826322.0,0.9156,8.46,40637.73596660287,10.612452371217335,-11.48523712874595,,
Canadá,2010,1617343367486.26,34196847.0,0.918,8.178,47295.10201587474,10.76416201765678,17.657048302496214,,
Canadá,2011,1793326630174.52,34555403.0,0.9208,7.637,51897.14124226883,10.8570189855997,10.881008091793154,,
Canadá,2012,1828366481521.6,34922466.0,0.9236,7.392,52355.02216600627,10.865803146100449,1.9539023598657,,
Canadá,2013,1846597421834.98,35293366.0,0.9264,7.143,52321.3745561979,10.865160257884558,0.9971163056001542,,
Canadá,2014,1805749878439.94,35634224.0,0.9292,7.023,50674.595255391,10.833179984221523,-2.2120437791172454,,
Canadá,2015,1556508816217.14,35962183.0,0.932,6.945,43281.822358146055,10.675488018875742,-13.802634860932647,,
Canadá,2016,1527994741907.43,36353292.0,0.9318,7.038,42031.8121920686,10.646182043702275,-1.8319250114502528,,
Canadá,2017,1649265644244.09,36808448.0,0.9316,6.426,44806.71513898359,10.710113298665638,7.936604689180737,,
Canadá,2018,1725329192783.02,37294942.0,0.9314,5.837,46261.74757914947,10.742070712398938,4.611964652534328,,
Canadá,2019,1743725183672.52,37782884.0,0.9312,5.69,46151.19332003666,10.739678097018947,1.066230778824684,,
Canadá,2020,1655684730000.19,38171851.0,0.931,9.657,43374.49420517202,10.67762685620531,-5.048986761027619,,
Canadá,2021,2022378748423.23,38454011.0,0.937,7.527,52592.14047718533,10.870321966975602,22.14757506539291,,
Canadá,2022,2190411080134.32,38821209.0,0.935,5.279,56423.051640002246,10.940633071005417,8.308648013736208,,
Canadá,2023,2173339670064.33,39299053.0,0.939,5.415,55302.59647896172,10.920575139011474,-0.7793701476776271,,
Chile,2001,71574739561.4329,15683809.0,0.7762,10.39,4563.6069376662845,8.425868584938932,-8.635477005782977,,
Chile,2002,70264045939.2773,15857882.0,0.7814,10.168,4430.85942620063,8.396348845623034,-1.8312237392503985,,
Chile,2003,76492579644.0605,16024700.0,0.7866,9.765,4773.417264851168,8.470817735110481,8.864467768004625,,
Chile,2004,99075985773.6682,16187270.0,0.7918,10.162,6120.611182346881,8.719417236916604,29.52365606532561,,
Chile,2005,122294145163.192,16348730.0,0.7969999999999999,9.34,7480.345272274482,8.920034229298196,23.434699345373144,,
Chile,2006,153843518170.864,16509144.0,0.8022,9.024,9318.685340128111,9.139776839803863,25.79794230179362,,
Chile,2007,172491076033.863,16671520.0,0.8074,8.427,10346.451675303932,9.244398906608774,12.121120268641006,,
Chile,2008,179894594475.405,16838934.0,0.8126,9.285,10683.253136772491,9.276432666954168,4.292116793386192,,
Chile,2009,171777900623.892,17009684.0,0.8178,11.313,10098.829621049515,9.22017481701084,-4.5119164781922905,,
Chile,2010,217051209238.534,17181416.0,0.823,8.278,12632.90576507396,9.444060257376425,26.355723553618216,,
Chile,2011,251382573893.87,17351762.0,0.8293999999999999,7.277,14487.43786906886,9.581037199049948,15.817172719644535,,
Chile,2012,267024782486.855,17519067.0,0.8358,6.562,15241.95223905788,9.631806920712288,6.22247133152074,,
Chile,2013,277395018842.417,17686958.0,0.8422,6.074,15683.591199934834,9.66037029828898,3.88362318245592,,
Chile,2014,259560978224.359,17864143.0,0.8486,6.483,14529.71901447268,9.583951418075392,-6.429113504806361,,
Chile,2015,242450355830.884,18047575.0,0.855,6.313,13433.957516779068,9.5055409234561,-6.59213973938908,,
Chile,2016,249344863928.438,18267176.0,0.8552,6.673,13649.885670803083,9.521486424812688,2.8436782754664547,,
Chile,2017,276154259981.097,18558817.0,0.8553999999999999,7.257,14879.949513004896,9.607769915438109,10.751934341167455,,
Chile,2018,295857562991.709,18893141.0,0.8556,7.623,15659.52230980063,9.658834465235394,7.134890119732607,,
Chile,2019,278285058719.466,19197702.0,0.8558,7.493,14495.748434862986,9.581610674025042,-5.939514979623972,,
Chile,2020,254042159309.311,19370563.0,0.856,10.934,13114.856770518802,9.481500971198168,-8.7115346837912,,
Chile,2021,315325547162.072,19456275.0,0.865,9.281,16206.881695600625,9.693191227044917,24.123314027631505,,
Chile,2022,301226575540.242,19552984.0,0.869,8.249,15405.6575477299,9.642490094165913,-4.471243053003693,,
Chile,2023,335518054097.637,19658791.0,0.878,9.013,17067.074679090743,9.744906429051696,11.38394860941274,,
Colombia,2001,98200641203.3892,39709209.0,0.6852,15.04,2472.9941410666024,7.81318489835832,-1.6765281512525765,,
Colombia,2002,97945812802.8882,40324632.0,0.6914,14.481,2428.9325889666693,7.795207176030265,-0.2594976951048822,,
Colombia,2003,94644969157.0987,40937378.0,0.6976,13.221,2311.945067832598,7.745844469922028,-3.370071217268178,,
Colombia,2004,117092416666.245,41543134.0,0.7038,13.717,2818.574464464934,7.943986527064394,23.71752847410873,,
Colombia,2005,145600529605.803,42128928.0,0.71,11.062,3456.070128482809,8.14788742152444,24.346677394844683,,
Colombia,2006,161792958904.864,42691022.0,0.7162000000000001,11.091,3789.859116159459,8.240084124868265,11.121133517096515,,
Colombia,2007,206229540926.312,43235327.0,0.7224,11.204,4769.93133245672,8.470087188067389,27.46509015115868,,
Colombia,2008,242504150472.931,43758748.0,0.7286,11.273,5541.8438953722125,8.620082557464357,17.589434270030345,,
Colombia,2009,232468663109.595,44271496.0,0.7348,12.066,5250.9782617148285,8.566169673792084,-4.138274476442905,,
Colombia,2010,286498534094.963,44777278.0,0.741,11.153,6398.301703264835,8.763787875269001,23.241786769297224,,
Colombia,2011,334966134804.887,45259560.0,0.7462,10.288,7401.0028998268435,8.909370797012935,16.91722467726795,,
Colombia,2012,370691143018.039,45715766.0,0.7514,9.959,8108.606186715519,9.000681268802301,10.665259708704957,,
Colombia,2013,382093697077.685,46151536.0,0.7566,9.246,8279.11116712746,9.021490894651924,3.076025493031831,,
Colombia,2014,381240864422.407,46565374.0,0.7618,8.799,8187.217919100295,9.01032942672103,-0.2231998752663555,,
Colombia,2015,293492370193.166,46969894.0,0.767,8.572,6248.521024832759,8.740100078700966,-23.01655001285944,,
Colombia,2016,282720100286.228,47437468.0,0.7664,8.922,5959.848031649329,8.6928002616889,-3.670374769827256,,
Colombia,2017,311866875156.879,48131023.0,0.7658,9.086,6479.539717177402,8.776404755523695,10.309410205055316,,
Colombia,2018,334198218098.276,49024413.0,0.7652,9.36,6816.975413826495,8.827171164759024,7.160536985585142,,
Colombia,2019,323031701192.84,49907932.0,0.7646000000000001,10.28,6472.552322801915,8.77532579545581,-3.3412855906228334,,
Colombia,2020,270348342541.465,50629945.0,0.764,15.983,5339.692597759389,8.582923364334595,-16.30903668489325,,
Colombia,2021,318524633225.395,51188120.0,0.762,13.898,6222.628086856775,8.735947618498637,17.820079912840935,,
Colombia,2022,345632492851.448,51737891.0,0.782,10.547,6680.451911954587,8.80694091573264,8.510443714056759,,
Colombia,2023,366291836137.916,52321104.0,0.788,9.594,7000.843027660808,8.85378585330901,5.977257264220048,,
Ecuador,2001,23127055000.0,12910685.0,0.6884,4.252,1791.3112278705585,7.490703160202617,31.857320307221173,,
Ecuador,2002,27054197000.0,13138427.0,0.6938000000000001,4.836,2059.1656063545506,7.630056134271602,16.980726685693437,,
Ecuador,2003,30965208000.0,13372246.0,0.6992,5.662,2315.6325422071955,7.747438165572673,14.456208033082628,,
Ecuador,2004,35194947000.0,13608650.0,0.7046,5.002,2586.218838753293,7.857952180172585,13.65964988835211,,
Ecuador,2005,40278849000.0,13846112.0,0.71,3.779,2909.0367750889204,7.975577300247168,14.444977001954284,,
Ecuador,2006,45690762000.0,14086093.0,0.7154,3.55,3243.6788540299995,8.084463413426647,13.436116310076285,,
Ecuador,2007,49848725000.0,14328733.0,0.7208,3.142,3478.9345994513264,8.154481376312217,9.100226868617334,,
Ecuador,2008,61139438000.0,14575156.0,0.7262,3.917,4194.770745506943,8.341593967945979,22.64995343411492,,
Ecuador,2009,60094978000.0,14825912.0,0.7316,4.608,4053.374794076749,8.307305095601563,-1.708324502426728,,
Ecuador,2010,68151329000.0,15076646.0,0.737,4.088,4520.324281673788,8.416339013985958,13.406030367462662,,
Ecuador,2011,78986648000.0,15326174.0,0.7424,3.458,5153.709464606104,8.547472018767012,15.898910790132948,,
Ecuador,2012,87735048000.0,15572144.0,0.7478,3.235,5634.102022174981,8.636593056574632,11.075796000356933,,
Ecuador,2013,96570334000.0,15807087.0,0.7532,3.083,6109.306161217433,8.717568487815234,10.070417924658791,,
Ecuador,2014,102717794000.0,16035075.0,0.7586,3.48,6405.819367854531,8.764962132433826,6.365785169594629,,
Ecuador,2015,97209558000.0,16266173.0,0.764,3.616,5976.178785261905,8.695536643577643,-5.3624944476514,,
Ecuador,2016,97671433000.0,16505094.0,0.7592,4.597,5917.653846745738,8.685695339655291,0.4751333197091645,,
Ecuador,2017,104467486000.0,16759466.0,0.7544,3.836,6233.342160185772,8.737667930246149,6.958076472575159,,
Ecuador,2018,107478961000.0,17049489.0,0.7496,3.53,6303.9403116421845,8.748930163162019,2.882691175319363,,
Ecuador,2019,107595830000.0,17339967.0,0.7448,3.812,6205.076976213392,8.733123103075602,0.1087366298600622,,
Ecuador,2020,95865473000.0,17546006.0,0.74,6.127,5463.663525476966,8.605874819097707,-10.902241285744996,,
Ecuador,2021,107179074000.0,17682398.0,0.753,4.552,6061.342697975693,8.709686621843668,11.801538808450871,,
Ecuador,2022,116133121000.0,17823857.0,0.773,3.761,6515.599906350236,8.78195456611029,8.354286583965065,,
Ecuador,2023,121147057000.0,17980034.0,0.777,3.51,6737.865846082383,8.815498513718184,4.317403990201907,,
El Salvador,2001,12282533600.0,5968013.0,0.6123,6.96,2058.060798460057,7.629519458455222,4.222392471699243,,
El Salvador,2002,12664190300.0,5986577.0,0.6176,6.2,2115.430954951385,7.657013831930212,3.107312484779201,,
El Salvador,2003,13243892200.0,5998548.0,0.6229,6.9,2207.849666285908,7.699774319157797,4.577488858486278,,
El Salvador,2004,13724810900.0,6004632.0,0.6282,6.8,2285.703919907165,7.734429317115707,3.6312489767924783,,
El Salvador,2005,14698000000.0,6005527.0,0.6335,7.22,2447.4121921356777,7.802786497207737,7.090728659875389,,
El Salvador,2006,15999890000.0,6002275.0,0.6388,6.57,2665.6376124052963,7.888198562169078,8.857599673424964,,
El Salvador,2007,17011750000.0,6009768.0,0.6441,6.41,2830.6833142310984,7.948273415283915,6.324168478658288,,
El Salvador,2008,17986890000.0,6029245.0,0.6494,5.88,2983.274025188892,8.000776642578233,5.732155715902243,,
El Salvador,2009,17601620000.0,6048234.0,0.6547000000000001,7.33,2910.2081698558623,7.9759798936399005,-2.141948941701433,,
El Salvador,2010,18447920000.0,6068202.0,0.66,4.893,3040.0965557837394,8.01964455566684,4.808080165348416,,
El Salvador,2011,20283780000.0,6090075.0,0.6614,4.297,3330.6289331412177,8.110916433952198,9.951582617444132,,
El Salvador,2012,21386150000.0,6113926.0,0.6628000000000001,3.843,3497.940603141092,8.159929675200274,5.4347365234685086,,
El Salvador,2013,21990960000.0,6138797.0,0.6642,3.693,3582.291448959788,8.183757944179446,2.82804525358702,,
El Salvador,2014,22593470000.0,6162903.0,0.6656000000000001,4.154,3666.043421420068,8.2068682726885,2.7398076300443552,,
El Salvador,2015,23438240000.0,6183621.0,0.667,3.998,3790.374604135668,8.240220133333445,3.739000693563233,,
El Salvador,2016,24191430000.0,6200765.0,0.6656000000000001,4.418,3901.362170635397,8.269081045657488,3.213509205469345,,
El Salvador,2017,24979190000.0,6213485.0,0.6642,4.385,4020.157769754011,8.29907642705042,3.256359793530184,,
El Salvador,2018,26020850000.0,6219738.0,0.6628000000000001,4.006,4183.592620782419,8.3389256350346,4.170111200563342,,
El Salvador,2019,26881140000.0,6222267.0,0.6614,4.17,4320.152124619532,8.371045894650456,3.306156409187256,,
El Salvador,2020,24921190000.0,6234631.0,0.66,5.008,3997.2197231881087,8.293354329226464,-7.291171430973542,,
El Salvador,2021,29043140000.0,6255737.0,0.663,4.327,4642.640827131959,8.443038627097847,16.539940508458862,,
El Salvador,2022,31870120000.0,6280269.0,0.674,2.999,5074.642503370476,8.532011358743166,9.73372713831906,,
El Salvador,2023,33853940000.0,6309575.0,0.678,2.992,5365.486581901317,8.587742346553565,6.224702009280159,,
Guatemala,2001,18405220247.4412,11969368.0,0.569,2.745,1537.6935730809848,7.338038892946668,-4.581430006989207,,
Guatemala,2002,20444205991.025,12246875.0,0.575,2.747,1669.3406269783109,7.420183993298552,11.078301243731502,,
Guatemala,2003,21576351798.9145,12525788.0,0.581,2.807,1722.554445190554,7.451563610626631,5.537734301769959,,
Guatemala,2004,23577298094.6571,12807357.0,0.587,2.971,1840.9183170779968,7.518019811469828,9.273793430839715,,
Guatemala,2005,26783389293.922,13087587.0,0.593,3.059,2046.472683919656,7.623872948137369,13.59821293514305,,
Guatemala,2006,29744246827.1839,13367408.0,0.599,2.948,2225.131964789576,7.707571502859358,11.054827679832924,,
Guatemala,2007,33567850824.1039,13651990.0,0.605,2.824,2458.824744532036,7.80743876864418,12.85493634831436,,
Guatemala,2008,38503720224.3166,13935128.0,0.611,2.873,2763.069002618174,7.924097298414752,14.704156742344733,,
Guatemala,2009,37126148264.6383,14215574.0,0.617,3.208,2611.6531252722048,7.867738681145789,-3.5777632697640227,,
Guatemala,2010,40676578423.4871,14500078.0,0.623,3.497,2805.266180187934,7.939253708352219,9.56315245400907,,
Guatemala,2011,46876006272.2387,14792071.0,0.626,3.172,3168.9954890183194,8.061169936218251,15.240780048431969,,
Guatemala,2012,49593929487.1263,15089585.0,0.629,2.765,3286.6330974063435,8.097618945105522,5.798111722877786,,
Guatemala,2013,52996446180.3474,15387291.0,0.632,3.017,3444.1700088954835,8.14443822812006,6.8607523711230245,,
Guatemala,2014,57852152955.039,15681675.0,0.635,2.717,3689.156480735572,8.213153114895903,9.162325258881676,,
Guatemala,2015,62186064757.9334,15971692.0,0.638,2.506,3893.517653479256,8.267068309096722,7.4913578519067325,,
Guatemala,2016,66053403363.7384,16268708.0,0.6394,2.583,4060.150527241524,8.308975327583745,6.218979478536024,,
Guatemala,2017,71653754107.104,16567316.0,0.6408,2.462,4325.006784871129,8.37216898812108,8.47851958895436,,
Guatemala,2018,73328365862.4329,16845637.0,0.6422,2.283,4352.958921199175,8.378611104613483,2.3370886511065336,,
Guatemala,2019,77172317258.6478,17103759.0,0.6436000000000001,2.193,4512.009158843258,8.414497823061309,5.242106995028784,,
Guatemala,2020,77719464220.73,17357274.0,0.645,2.955,4477.630774321475,8.406849340503655,0.7089938225496084,,
Guatemala,2021,86455519686.8841,17598598.0,0.639,2.174,4912.636772934076,8.499566097608582,11.240498829666334,,
Guatemala,2022,95641441234.943,17847828.0,0.655,3.051,5358.715986894484,8.586479670683175,10.62502611901188,,
Guatemala,2023,104368413483.146,18124791.0,0.662,2.344,5758.323695050939,8.658401686169128,9.124676641755336,,
México,2001,796064590549.136,100099057.0,0.7159,2.627,7952.768131962881,8.981275339743101,7.277465976870978,,
México,2002,810666116401.915,101548570.0,0.7198,3.003,7983.038228917601,8.985074348425213,1.8342137090542776,,
México,2003,765549967888.647,102978472.0,0.7237,3.455,7434.077754510156,8.913829810112448,-5.565318150154464,,
México,2004,819459227375.022,104394075.0,0.7276,3.937,7849.671807284292,8.968227001913213,7.041899516377015,,
México,2005,917571853529.104,105811451.0,0.7315,3.558,8671.76326245733,9.06782742423592,11.972850250080992,,
México,2006,1020265057882.01,107253625.0,0.7353999999999999,3.566,9512.639389876193,9.16037665540042,11.19184333716583,,
México,2007,1102355554880.44,108774308.0,0.7393,3.628,10134.337557729532,9.223684694907744,8.045997102835557,,
México,2008,1161553459984.65,110374235.0,0.7432,3.874,10523.773596117337,9.26139212882704,5.370128071847979,,
México,2009,943437415024.633,111999662.0,0.7471,5.356,8423.573769576493,9.038789455379945,-18.777960074510847,,
México,2010,1105424238572.81,113623858.0,0.751,5.303,9728.803950423951,9.182846243721302,17.16985366156456,,
México,2011,1229013703577.75,115243459.0,0.7554,5.175,10664.498568875391,9.274675613285876,11.180274567210846,,
México,2012,1255110424665.92,116818153.0,0.7598,4.892,10744.138581491869,9.28211563662062,2.1233873155523275,,
México,2013,1327436290439.27,118343517.0,0.7642,4.921,11216.806159641766,9.325168482551067,5.762510162609913,,
México,2014,1364507717764.6,119784217.0,0.7686000000000001,4.819,11391.381535387089,9.34061234279839,2.7927085911642946,,
México,2015,1213294467779.98,121072270.0,0.773,4.311,10021.241592149714,9.21246227835466,-11.081890414833618,,
México,2016,1112233497452.7,122251299.0,0.771,3.853,9097.927846580182,9.11580195740826,-8.32946766106961,,
México,2017,1190721475906.0,123400004.0,0.769,3.419,9649.282312065405,9.174638819760618,7.056789660899221,,
México,2018,1256300182775.8,124573671.0,0.767,3.275,10084.796993546091,9.218784320641443,5.5074766178969226,,
México,2019,1304106203902.45,125762928.0,0.765,3.477,10369.559810999708,9.24662985201015,3.805302409573996,,
México,2020,1121064767401.51,126798998.0,0.763,4.44,8841.27465582583,9.087186337072549,-14.03577683728524,,
México,2021,1316569466735.28,127648107.0,0.761,4.019,10314.053985424787,9.241262708786152,17.4391975395789,,
México,2022,1466464899303.68,128613066.0,0.783,3.256,11402.145558863202,9.341556823591713,11.385303727276774,,
México,2023,1793798859343.27,129739713.0,0.789,2.765,13826.13555915042,9.53431596111145,22.32129525875579,,
Nicaragua,2001,5351752034.2221,5087777.0,0.5988,7.203,1051.8841596677885,6.95833827285039,4.739423790594177,,
Nicaragua,2002,5223727302.54906,5149867.0,0.6046,7.513,1014.3421767104004,6.921995579604002,-2.3922022331075654,,
Nicaragua,2003,5322228350.58068,5210928.0,0.6103999999999999,7.6,1021.3590267569768,6.928889398622334,1.8856468250850968,,
Nicaragua,2004,5792932838.40051,5272850.0,0.6162,6.41,1098.6341045924898,7.001822964111811,8.844124242968142,,
Nicaragua,2005,6321324279.14826,5342053.0,0.622,5.37,1183.313658465811,7.076073967014517,9.121311354502849,,
Nicaragua,2006,6763672380.61154,5418799.0,0.6278,5.31,1248.1866148959464,7.129447068917326,6.997712535052569,,
Nicaragua,2007,7423375014.75729,5497205.0,0.6336,4.89,1350.390792185718,7.208149305235595,9.753616039074076,,
Nicaragua,2008,8496967596.77008,5576555.0,0.6394,6.2,1523.6947536194084,7.328893423284639,14.462324480152787,,
Nicaragua,2009,8298702489.0801,5656558.0,0.6452,8.16,1467.0940329932266,7.291038874925294,-2.3333631137459565,,
Nicaragua,2010,8758602232.98358,5737403.0,0.651,7.83,1526.5795749372285,7.330784939828532,5.541827105003971,,
Nicaragua,2011,9774329332.71276,5819015.0,0.6566000000000001,6.618,1679.7223125757127,7.42638376860188,11.596908647182367,,
Nicaragua,2012,10532017231.8253,5901251.0,0.6622,5.208,1784.7092475519682,7.48701079442078,7.751814710976701,,
Nicaragua,2013,10982988249.2103,5983801.0,0.6678000000000001,5.28,1835.4534599680533,7.51504684710906,4.281905426647725,,
Nicaragua,2014,11880438824.4494,6066438.0,0.6734,4.52,1958.387908101822,7.579876917922833,8.171278661830739,,
Nicaragua,2015,12756696261.0676,6149360.0,0.679,4.7,2074.475435015612,7.63746359830277,7.375631906919988,,
Nicaragua,2016,13286093388.4752,6232609.0,0.6784,3.9,2131.7065435157574,7.664678132057629,4.149954789025401,,
Nicaragua,2017,13785893007.4769,6316185.0,0.6778000000000001,3.3,2182.629705665192,7.688285715805923,3.7618252739006097,,
Nicaragua,2018,13025221974.232,6400020.0,0.6772,5.2,2035.1845735219576,7.6183417932831325,-5.517749432933671,,
Nicaragua,2019,12699023614.245,6483603.0,0.6766000000000001,5.472,1958.6368280483864,7.580004014361414,-2.504359316350402,,
Nicaragua,2020,12726422432.4868,6565214.0,0.676,6.201,1938.462696339647,7.569650513355872,0.2157553137476231,,
Nicaragua,2021,14209020361.8508,6644688.0,0.682,6.118,2138.402941093818,7.667814540194984,11.649762038225033,,
Nicaragua,2022,15634572502.2294,6730618.0,0.701,4.961,2322.9029640709664,7.750572960081742,10.032726423603467,,
Nicaragua,2023,17805842283.8725,6823569.0,0.706,4.716,2609.461747052386,7.866899251865996,13.887618489942666,,
Panamá,2001,12252906300.0,3069480.0,0.7237,6.372,3991.8508346690646,8.292010270668362,2.393426413761679,,
Panamá,2002,12800851300.0,3129297.0,0.7293999999999999,6.362,4090.6476119077215,8.316458576822079,4.47195944034926,,
Panamá,2003,13603456000.0,3189765.0,0.7351,6.346,4264.720441788031,8.358131910717226,6.269932219273566,,
Panamá,2004,15100203400.0,3251113.0,0.7408,6.127,4644.625825063601,8.44346609365743,11.002699608099586,,
Panamá,2005,16623906700.0,3312982.0,0.7464999999999999,6.002,5017.807733335104,8.520748410794766,10.090614408544996,,
Panamá,2006,18659721500.0,3374971.0,0.7522,5.822,5528.853877559244,8.617735817621767,12.246307903063492,,
Panamá,2007,21717433800.0,3437444.0,0.7579,5.694,6317.901848001015,8.751142445945538,16.386698483147242,,
Panamá,2008,25721328000.0,3500596.0,0.7636000000000001,5.647,7347.699648859794,8.902142570276384,18.43631359428848,,
Panamá,2009,27791215500.0,3564327.0,0.7693,5.864,7797.0442947574675,8.961500004293523,8.047358596725651,,
Panamá,2010,30231009500.0,3628492.0,0.775,5.845,8331.562946810962,9.027806346229614,8.779011482963028,,
Panamá,2011,35687738300.0,3693468.0,0.7806000000000001,4.03,9662.39271600566,9.175996589703963,18.05010447964035,,
Panamá,2012,41595439700.0,3759201.0,0.7862,3.691,11064.9682472419,9.311539382823726,16.553868867616075,,
Panamá,2013,46949496500.0,3825287.0,0.7918000000000001,3.674,12273.4572595468,9.415194263260824,12.871739879696475,,
Panamá,2014,51427104900.0,3892053.0,0.7974,4.391,13213.361919788862,9.488983863228736,9.53707437522786,,
Panamá,2015,55767806100.0,3959985.0,0.803,4.335,14082.832662244931,9.552711792875446,8.440493021025564,,
Panamá,2016,59760858700.0,4029032.0,0.804,4.717,14832.559954847717,9.60458004025156,7.160139297643986,,
Panamá,2017,64327688800.0,4098656.0,0.805,5.338,15694.825035328657,9.66108632141708,7.641841498505775,,
Panamá,2018,67316471200.0,4167807.0,0.806,5.161,16151.532736520669,9.689770230433597,4.646183402130877,,
Panamá,2019,69778991200.0,4234652.0,0.807,6.256,16478.093406494794,9.709787105417233,3.65812401645913,,
Panamá,2020,57059846500.0,4293208.0,0.808,14.663,13290.724907807868,9.49482169557775,-18.22775663744477,,
Panamá,2021,67396392500.0,4345360.0,0.819,10.177,15509.967528582212,9.64923816258891,18.11527130554058,,
Panamá,2022,76276116700.0,4400715.0,0.835,8.086,17332.664510198912,9.760348122200934,13.175370180236287,,
Panamá,2023,83318176900.0,4458719.0,0.839,6.544,18686.57273535291,9.835560509389063,9.232326584869256,,
Paraguay,2001,8495806432.18467,5187639.0,0.6685,6.206,1637.7019357331285,7.40104927943786,-4.064032188314714,,
Paraguay,2002,7196260656.84556,5261286.0,0.673,9.393,1367.7759880085516,7.2209413333180255,-15.296320434232593,,
Paraguay,2003,7691367471.17992,5326394.0,0.6775,6.814,1444.010238668022,7.275179409917954,6.880056712000582,,
Paraguay,2004,9624440836.29309,5388133.0,0.682,6.513,1786.229262769329,7.487862119810322,25.133025724704083,,
Paraguay,2005,10737500188.1123,5448045.0,0.6865,4.825,1970.890509919118,7.586240755086708,11.564924869421422,,
Paraguay,2006,13429430050.261,5505102.0,0.691,5.277,2439.451630553076,7.799528551452466,25.07035916170681,,
Paraguay,2007,17856393235.4338,5559335.0,0.6955,4.713,3211.965682124535,8.074638390739505,32.96463936745224,,
Paraguay,2008,24615267663.5456,5613526.0,0.7,4.415,4384.992189142012,8.385943123537198,37.851285749574856,,
Paraguay,2009,22355151161.994,5671192.0,0.7045,5.46,3941.878737661148,8.279412725611193,-9.18176691167474,,
Paraguay,2010,27260886405.2263,5737924.0,0.709,4.569,4751.001652379206,8.466110748982947,21.94454069079408,,
Paraguay,2011,33756238766.5,5814583.0,0.7146,4.67,5805.444477531751,8.666551459251068,23.82663668643015,,
Paraguay,2012,33271921136.315,5896966.0,0.7202,4.085,5642.210101993975,8.63803112978989,-1.4347499836552924,,
Paraguay,2013,38501122141.4241,5982397.0,0.7258,4.385,6435.735064293477,8.769621342612014,15.716558667247016,,
Paraguay,2014,40377929295.6419,6069774.0,0.7313999999999999,5.034,6652.295340096996,8.802717238018896,4.874681697130345,,
Paraguay,2015,36211447840.0971,6159053.0,0.737,4.556,5879.385652323028,8.679207554536719,-10.318710068162162,,
Paraguay,2016,36089700222.9461,6249070.0,0.738,5.255,5775.21138712578,8.661330138551394,-0.3362130608215774,,
Paraguay,2017,38997129473.5558,6338607.0,0.739,6.138,6152.318557303805,8.724584290941083,8.056119149366436,,
Paraguay,2018,40225448340.6322,6427336.0,0.74,6.217,6258.494707703503,8.74169497315032,3.149767389698077,,
Paraguay,2019,37925338329.1494,6515016.0,0.741,6.595,5821.21952258435,8.669265058737999,-5.718046923940523,,
Paraguay,2020,35432178068.1814,6603683.0,0.742,7.548,5365.517707040359,8.587748147527678,-6.573864257531914,,
Paraguay,2021,39950899938.7482,6684130.0,0.723,7.311,5976.978296165425,8.6956704175922,12.753158617208117,,
Paraguay,2022,41952910858.088,6760399.0,0.747,6.755,6205.685619752325,8.733221186256989,5.011178527665794,,
Paraguay,2023,43118053174.5413,6844101.0,0.756,5.794,6300.031687805498,8.748309942177372,2.7772621556453325,,
Perú,2001,52030158775.4055,26964552.0,0.6869000000000001,5.063,1929.576236809182,7.565055691370583,0.5515721826339082,,
Perú,2002,54777553515.0809,27288162.0,0.6918000000000001,4.84,2007.3742421743505,7.604582799860866,5.280388921230972,,
Perú,2003,58731030121.8671,27580445.0,0.6967,4.15,2129.444616352894,7.663616481207681,7.217329641598114,,
Perú,2004,66768703497.5687,27852131.0,0.7016,4.71,2397.2565509464503,7.782080258722288,13.685565124642627,,
Perú,2005,76060606060.6061,28101118.0,0.7065,4.87,2706.675444749426,7.903476387616379,13.91655382880954,,
Perú,2006,88643193061.748,28324448.0,0.7114,4.17,3129.5647160272283,8.04864920550139,16.54284346763677,,
Perú,2007,102170981144.136,28530662.0,0.7163,4.08,3581.093952328761,8.183423605992932,15.260944033192336,,
Perú,2008,120550599815.441,28718988.0,0.7212,4.03,4197.59219285307,8.342266352463461,17.989079154849506,,
Perú,2009,120822986521.479,28896766.0,0.7261,3.96,4181.194065850795,8.338352146412063,0.2259521781351692,,
Perú,2010,147527631520.729,29085967.0,0.731,3.6,5072.124008142106,8.531514945373008,22.10228845361528,,
Perú,2011,171761737046.585,29304035.0,0.7384,3.477,5861.368137411281,8.67613832586905,16.42682477583928,,
Perú,2012,192650021648.583,29550318.0,0.7458,3.238,6519.389119554754,8.782535957211381,12.161197808760347,,
Perú,2013,201175543571.392,29817865.0,0.7532,3.575,6746.812475386551,8.816825446464167,4.425393700894875,,
Perú,2014,200786250582.943,30115771.0,0.7606,3.208,6667.146279699862,8.8049472032353,-0.1935091023183233,,
Perú,2015,189802976285.619,30457550.0,0.768,3.272,6231.721733547806,8.737407935325802,-5.470132673644857,,
Perú,2016,191898104390.379,30866446.0,0.7682,3.741,6217.045667984548,8.735050099904985,1.1038436518546524,,
Perú,2017,211007984080.911,31324599.0,0.7684,3.691,6736.175108926726,8.815247551565081,9.958347296467672,,
Perú,2018,222597009739.235,31897541.0,0.7686000000000001,3.492,6978.500622955073,8.850589362216457,5.492221400437702,,
Perú,2019,228346006003.648,32449256.0,0.7688,3.379,7037.018229436386,8.858939812475683,2.582692494902683,,
Perú,2020,201409694755.934,32838533.0,0.769,7.179,6133.334115623678,8.721493782476298,-11.79626993225522,,
Perú,2021,226328766459.634,33155845.0,0.764,5.097,6826.210173790896,8.8285249191759,12.372329809593662,,
Perú,2022,246065570308.155,33475381.0,0.79,3.85,7350.642859244977,8.902543052224997,8.720413298431096,,
Perú,2023,266958720837.988,33845565.0,0.794,4.899,7887.553977544414,8.973041350254821,8.490887410078507,,
Uruguay,2001,20898761742.2386,3274201.0,0.7672,15.052,6382.858517921961,8.761371319558725,-8.43222322938888,,
Uruguay,2002,13606515722.5864,3278826.0,0.7704,16.648,4149.813293717446,8.330818622747012,-34.893196590273604,,
Uruguay,2003,12045638351.8507,3281135.0,0.7736000000000001,16.661,3671.180354313584,8.20826851176798,-11.471543505768269,,
Uruguay,2004,13686329890.1191,3283108.0,0.7768,12.98,4168.711443583063,8.335362260705555,13.62062756944984,,
Uruguay,2005,17362857683.8545,3285727.0,0.78,12.009,5284.327542688269,8.57250065136078,26.8627734626628,,
Uruguay,2006,19741420739.8901,3289456.0,0.7832,10.844,6001.42416858292,8.69975208147491,13.699145033293656,,
Uruguay,2007,23797773024.3992,3295106.0,0.7864,9.403,7222.157048786656,8.884908947486682,20.547418232734984,,
Uruguay,2008,31119602538.8322,3302124.0,0.7896000000000001,8.025,9424.11688320372,9.15102730853132,30.766868424730863,,
Uruguay,2009,32708319077.5179,3310038.0,0.7928000000000001,7.74,9881.553951198715,9.198425060884308,5.105195468686463,,
Uruguay,2010,41950361211.9581,3318536.0,0.796,7.158,12641.225290898788,9.444718600573813,28.25593731226845,,
Uruguay,2011,50342406067.0777,3326787.0,0.8004,6.307,15132.44041986388,9.624596090527884,20.00470225445261,,
Uruguay,2012,54232266358.7811,3335354.0,0.8048,6.451,16259.823202808786,9.696452509906695,7.726806475082726,,
Uruguay,2013,61337621933.7857,3345281.0,0.8092,6.444,18335.566409454303,9.816597972281029,13.101712415996293,,
Uruguay,2014,61496186973.902,3356294.0,0.8136,6.547,18322.64604170612,9.815893062389396,0.2585118808281716,,
Uruguay,2015,57680327998.6689,3367974.0,0.818,7.488,17126.12033188763,9.74836008183073,-6.205033454923781,,
Uruguay,2016,57480787465.2716,3379233.0,0.8218,7.841,17010.01010148504,9.741557279245407,-0.3459420920801759,,
Uruguay,2017,65005997963.4822,3388401.0,0.8256,7.89,19184.85975050833,9.86187669228208,13.091696947883923,,
Uruguay,2018,65344577415.7535,3394494.0,0.8293999999999999,8.336,19250.1673049808,9.865275030845996,0.5208434034987164,,
Uruguay,2019,62222313618.8454,3397150.0,0.8331999999999999,8.836,18316.03362196117,9.81553210943599,-4.778152863462204,,
Uruguay,2020,53559359261.826,3398912.0,0.837,10.413,15757.7952185364,9.66509045632434,-13.922584766111356,,
Uruguay,2021,60739084240.8633,3396643.0,0.837,9.328,17882.092478032955,9.79155507085291,13.4051733963789,,
Uruguay,2022,70594110920.0358,3390863.0,0.852,7.877,20818.92159017801,9.943617544006036,16.225181532358945,,
Uruguay,2023,77991666837.7382,3388029.0,0.862,8.355,23019.77546170301,10.044108928175437,10.47899863216899,,
